title,link
The Google Brain Team ¡X Looking Back on 2017 (Part 2 of 2),http://ai.googleblog.com/2018/01/the-google-brain-team-looking-back-on_12.html
The Google Brain Team ¡X Looking Back on 2017  (Part 1 of 2),http://ai.googleblog.com/2018/01/the-google-brain-team-looking-back-on.html
Introducing the CVPR 2018 Learned Image Compression Challenge,http://ai.googleblog.com/2018/01/introducing-cvpr-2018-learned-image.html
Assessing Cardiovascular Risk Factors with Computer Vision,http://ai.googleblog.com/2018/02/assessing-cardiovascular-risk-factors.html
Introducing the HDR+ Burst Photography Dataset,http://ai.googleblog.com/2018/02/introducing-hdr-burst-photography.html
The Instant Motion Tracking Behind Motion Stills AR,http://ai.googleblog.com/2018/02/the-instant-motion-tracking-behind.html
Investing in France¡¦s AI Ecosystem,http://ai.googleblog.com/2018/03/investing-in-frances-ai-ecosystem.html
Using Machine Learning to Discover Neural Network Optimizers,http://ai.googleblog.com/2018/03/using-machine-learning-to-discover.html
Expressive Speech Synthesis with Tacotron,http://ai.googleblog.com/2018/03/expressive-speech-synthesis-with.html
Reformulating Chemistry for More Efficient Quantum Computation,http://ai.googleblog.com/2018/03/reformulating-chemistry-for-more.html
Google Faculty Research Awards 2017,http://ai.googleblog.com/2018/03/google-faculty-research-awards-2017.html
Using Deep Learning to Facilitate Scientific Image Analysis,http://ai.googleblog.com/2018/03/using-deep-learning-to-facilitate.html
Using Evolutionary AutoML to Discover Neural Network Architectures,http://ai.googleblog.com/2018/03/using-evolutionary-automl-to-discover.html
Balanced Partitioning and Hierarchical Clustering at Scale,http://ai.googleblog.com/2018/03/balanced-partitioning-and-hierarchical.html
Behind the Motion Photos Technology in Pixel 2,http://ai.googleblog.com/2018/03/behind-motion-photos-technology-in.html
Semantic Image Segmentation with DeepLab in TensorFlow,http://ai.googleblog.com/2018/03/semantic-image-segmentation-with.html
Introducing the iNaturalist 2018 Challenge,http://ai.googleblog.com/2018/03/introducing-inaturalist-2018-challenge.html
Open Sourcing the Hunt for Exoplanets,http://ai.googleblog.com/2018/03/open-sourcing-hunt-for-exoplanets.html
Announcing Open Images V4 and the ECCV 2018 Open Images Challenge,http://ai.googleblog.com/2018/04/announcing-open-images-v4-and-eccv-2018.html
Google at ICLR 2018,http://ai.googleblog.com/2018/04/google-at-iclr-2018.html
Announcing the Google Cloud Platform Research Credits Program,http://ai.googleblog.com/2018/04/announcing-google-cloud-platform.html
Google¡¦s Workshop on AI/ML Research and Practice in India,http://ai.googleblog.com/2018/04/googles-workshop-on-aiml-research-and.html
Introducing the CVPR 2018 On-Device Visual Intelligence Challenge,http://ai.googleblog.com/2018/04/introducing-cvpr-2018-on-device-visual.html
DeepVariant Accuracy Improvements for Genetic Datatypes,http://ai.googleblog.com/2018/04/deepvariant-accuracy-improvements-for.html
An Augmented Reality Microscope for Cancer Detection,http://ai.googleblog.com/2018/04/an-augmented-reality-microscope.html
Introducing Semantic Experiences with Talk to Books and Semantris,http://ai.googleblog.com/2018/04/introducing-semantic-experiences-with.html
Seeing More with In Silico Labeling of Microscopy Images,http://ai.googleblog.com/2018/04/seeing-more-with-in-silico-labeling-of.html
Looking to Listen: Audio-Visual Speech Separation,http://ai.googleblog.com/2018/04/looking-to-listen-audio-visual-speech.html
Advances in Semantic Textual Similarity,http://ai.googleblog.com/2018/05/advances-in-semantic-textual-similarity.html
Smart Compose: Using Neural Networks to Help Write Emails,http://ai.googleblog.com/2018/05/smart-compose-using-neural-networks-to.html
Automatic Photography with Google Clips,http://ai.googleblog.com/2018/05/automatic-photography-with-google-clips.html
Custom On-Device ML Models with Learn2Compress,http://ai.googleblog.com/2018/05/custom-on-device-ml-models.html
Google Duplex: An AI System for Accomplishing Real-World Tasks Over the Phone,http://ai.googleblog.com/2018/05/duplex-ai-system-for-natural-conversation.html
Deep Learning for Electronic Health Records,http://ai.googleblog.com/2018/05/deep-learning-for-electronic-health.html
Introducing Google AI,http://ai.googleblog.com/2018/05/introducing-google-ai.html
The Question of Quantum Supremacy,http://ai.googleblog.com/2018/05/the-question-of-quantum-supremacy.html
